"","Profondeur","Date"
"Station5_Fond1_10sept14_","Fond","Septembre"
"Station5_Fond1_11mars15_","Fond","Mars"
"Station5_Fond2_10sept14_","Fond","Septembre"
"Station5_Fond2_11mars15_","Fond","Mars"
"Station5_Fond3_10sept14_","Fond","Septembre"
"Station5_Median1_10sept14_","Median","Septembre"
"Station5_Median2_10sept14_","Median","Septembre"
"Station5_Surface1_10sept14_","Surface","Septembre"
"Station5_Surface1_11mars15_","Surface","Mars"
"Station5_Surface2_10sept14_","Surface","Septembre"
"Station5_Surface2_11mars15_","Surface","Mars"
